{
  "posts": [
    {
      "id": 1,
      "title": "json-server",
      "author": "typicode"
    }
  ],
  "user": [
    {
      "id": 0,
      "title": "json-server",
      "author": "typicode"
    },
    {
      "fname": "Admin",
      "uname": "admin@example.com",
      "pw": "admin",
      "role_id": "1",
      "id": 1
    },
    {
      "fname": "Vijay",
      "lname": "Prajapati",
      "uname": "vjy2080@gmail.com",
      "pw": "vjy",
      "city": "Vavol, Gandhinagar ",
      "zip": "382016",
      "role_id": "2",
      "id": 2
    },
    {
      "fname": "Bhavna",
      "lname": "Prajapati",
      "uname": "bvp2080@gmail.com",
      "pw": "bvp",
      "city": "Vavol, Gandhinagar ",
      "zip": "382016",
      "role_id": "2",
      "id": 3
    },
    {
      "fname": "Krishika",
      "lname": "Prajapati",
      "uname": "kvp2080@gmail.com",
      "pw": "kvp",
      "city": "Vavol, Gandhinagar ",
      "zip": "382016",
      "role_id": "2",
      "id": 4
    }
  ]
}